<?xml version="1.0" ?>
<!-- =================================================================================== -->
<!-- |    This document was autogenerated by xacro from rbwatcher.urdf.xacro           | -->
<!-- |    EDITING THIS FILE BY HAND IS NOT RECOMMENDED                                 | -->
<!-- =================================================================================== -->
<robot name="rbwatcher" xmlns:gz="http://gazebosim.org/schema">
  <!-- source en.wikipedia.org/wiki/List_of_moments_of_inertia-->
  <!-- This file unifies all sensors that can be used on simulation, defined as xacro:macros -->
  <!-- source en.wikipedia.org/wiki/List_of_moments_of_inertia-->
  <!-- $(find robotnik_sensors_gazebo)/config/camera/axis_m5013.yaml -->
  <!-- $(find robotnik_sensors_gazebo)/config/camera/axis_m5074.yaml-->
  <!-- $(find robotnik_sensors_gazebo)/config/camera/axis_m5525.yaml -->
  <!--$(find robotnik_sensors_gazebo)/config/camera/axis_m5526.yaml-->
  <!-- $(find robotnik_sensors_gazebo)/config/camera/link_750_nh.yaml -->
  <!-- Robot mechanical and motor parameters -->
  <!-- BASE FOOTPRINT -->
  <link name="base_footprint">
    <visual>
      <origin rpy="0 0 0" xyz="0 0 0"/>
      <geometry>
        <box size="0.001 0.001 0.001"/>
      </geometry>
    </visual>
  </link>
  <joint name="base_footprint_joint" type="fixed">
    <origin rpy="0 0 0" xyz="0 0 0.11"/>
    <!-- ${wheel_radius} property must be defined inside wheel description -->
    <parent link="base_footprint"/>
    <child link="base_link"/>
  </joint>
  <!-- BASE_LINK -->
  <link name="base_link">
    <inertial>
      <mass value="25.0"/>
      <origin xyz="0 0 0"/>
      <inertia ixx="2.2033333333333336" ixy="0" ixz="0" iyy="2.1416666666666666" iyz="0" izz="1.1416666666666668"/>
    </inertial>
    <visual>
      <origin rpy="0 0 0" xyz="0 0 0"/>
      <geometry>
        <mesh filename="package://robotnik_description/meshes/bases/rbwatcher/rbwatcher_chassis.dae"/>
      </geometry>
      <material name="darkgrey">
        <color rgba="0.1 0.1 0.1 1"/>
      </material>
    </visual>
    <collision>
      <origin rpy="0 0 0 " xyz="0 0 0"/>
      <geometry>
        <mesh filename="package://robotnik_description/meshes/bases/rbwatcher/rbwatcher_chassis.stl"/>
      </geometry>
    </collision>
  </link>
  <!-- TOP STRUCTURE -->
  <joint name="top_structure_joint" type="fixed">
    <axis xyz="0 0 1"/>
    <origin rpy="0 0 0" xyz="-0.17024 0 0.27609"/>
    <parent link="base_link"/>
    <child link="top_structure_link"/>
  </joint>
  <link name="top_structure_link">
    <visual>
      <origin rpy="0 0 0" xyz="0 0 0"/>
      <material name="top_structure_color">
        <color rgba="0.5 0.5 0.5 1"/>
      </material>
      <geometry>
        <mesh filename="package://robotnik_description/meshes/bases/rbwatcher/rbwatcher_top_structure.dae"/>
      </geometry>
    </visual>
    <collision>
      <origin rpy="0 0 0" xyz="0 0 0"/>
      <geometry>
        <mesh filename="package://robotnik_description/meshes/bases/rbwatcher/rbwatcher_top_structure.stl"/>
      </geometry>
    </collision>
  </link>
  <!-- DOCKING CONTACTS -->
  <joint name="base_docking_joint" type="fixed">
    <origin rpy="0 0 0 " xyz="0.29378 0 0.07321"/>
    <parent link="base_link"/>
    <child link="base_docking_contact_link"/>
  </joint>
  <!-- DOCKING LINK -->
  <link name="base_docking_contact_link"/>
  <!--WHEEL TIRE -->
  <joint name="front_right_wheel_joint" type="continuous">
    <parent link="base_link"/>
    <child link="front_right_wheel"/>
    <origin rpy="0 0 0" xyz="0.22795 -0.226 0.0"/>
    <axis xyz="0 1 0"/>
    <limit effort="100" velocity="100"/>
    <joint_properties damping="0.5" friction="2.0"/>
  </joint>
  <link name="front_right_wheel">
    <visual>
      <origin rpy="0 0 0" xyz="0 0 0"/>
      <geometry>
        <mesh filename="package://robotnik_description/meshes/wheels/rubber_wheel/rubber_wheel.dae"/>
      </geometry>
    </visual>
    <collision>
      <origin rpy="1.5707963267948966 0 0" xyz="0 0 0"/>
      <geometry>
        <sphere radius="0.11"/>
      </geometry>
    </collision>
    <inertial>
      <mass value="6.5"/>
      <origin xyz="0 0 0"/>
      <inertia ixx="0.031849999999999996" ixy="0" ixz="0" iyy="0.039325" iyz="0" izz="0.031849999999999996"/>
    </inertial>
  </link>
  <gazebo reference="front_right_wheel">
    <mu1>0.9</mu1>
    <mu2>0.5</mu2>
    <fdir1 gz:expressed_in="base_footprint">0 1 0</fdir1>
    <kp>2.75e9</kp>
    <kd>8.25e1</kd>
    <maxVel>0.1</maxVel>
    <minDepth>0.003</minDepth>
    <slip1>0.05</slip1>
    <slip2>0.05</slip2>
  </gazebo>
  <!--WHEEL TIRE -->
  <joint name="front_left_wheel_joint" type="continuous">
    <parent link="base_link"/>
    <child link="front_left_wheel"/>
    <origin rpy="0 0 0" xyz="0.22795 0.226 0.0"/>
    <axis xyz="0 1 0"/>
    <limit effort="100" velocity="100"/>
    <joint_properties damping="0.5" friction="2.0"/>
  </joint>
  <link name="front_left_wheel">
    <visual>
      <origin rpy="3.141592653589793 0 0" xyz="0 0 0"/>
      <geometry>
        <mesh filename="package://robotnik_description/meshes/wheels/rubber_wheel/rubber_wheel.dae"/>
      </geometry>
    </visual>
    <collision>
      <origin rpy="1.5707963267948966 0 0" xyz="0 0 0"/>
      <geometry>
        <sphere radius="0.11"/>
      </geometry>
    </collision>
    <inertial>
      <mass value="6.5"/>
      <origin xyz="0 0 0"/>
      <inertia ixx="0.031849999999999996" ixy="0" ixz="0" iyy="0.039325" iyz="0" izz="0.031849999999999996"/>
    </inertial>
  </link>
  <gazebo reference="front_left_wheel">
    <mu1>0.9</mu1>
    <mu2>0.5</mu2>
    <fdir1 gz:expressed_in="base_footprint">0 1 0</fdir1>
    <kp>2.75e9</kp>
    <kd>8.25e1</kd>
    <maxVel>0.1</maxVel>
    <minDepth>0.003</minDepth>
    <slip1>0.05</slip1>
    <slip2>0.05</slip2>
  </gazebo>
  <!--WHEEL TIRE -->
  <joint name="back_left_wheel_joint" type="continuous">
    <parent link="base_link"/>
    <child link="back_left_wheel"/>
    <origin rpy="0 0 0" xyz="-0.22795 0.226 0.0"/>
    <axis xyz="0 1 0"/>
    <limit effort="100" velocity="100"/>
    <joint_properties damping="0.5" friction="2.0"/>
  </joint>
  <link name="back_left_wheel">
    <visual>
      <origin rpy="3.141592653589793 0 0" xyz="0 0 0"/>
      <geometry>
        <mesh filename="package://robotnik_description/meshes/wheels/rubber_wheel/rubber_wheel.dae"/>
      </geometry>
    </visual>
    <collision>
      <origin rpy="1.5707963267948966 0 0" xyz="0 0 0"/>
      <geometry>
        <sphere radius="0.11"/>
      </geometry>
    </collision>
    <inertial>
      <mass value="6.5"/>
      <origin xyz="0 0 0"/>
      <inertia ixx="0.031849999999999996" ixy="0" ixz="0" iyy="0.039325" iyz="0" izz="0.031849999999999996"/>
    </inertial>
  </link>
  <gazebo reference="back_left_wheel">
    <mu1>0.9</mu1>
    <mu2>0.5</mu2>
    <fdir1 gz:expressed_in="base_footprint">0 1 0</fdir1>
    <kp>2.75e9</kp>
    <kd>8.25e1</kd>
    <maxVel>0.1</maxVel>
    <minDepth>0.003</minDepth>
    <slip1>0.05</slip1>
    <slip2>0.05</slip2>
  </gazebo>
  <!--WHEEL TIRE -->
  <joint name="back_right_wheel_joint" type="continuous">
    <parent link="base_link"/>
    <child link="back_right_wheel"/>
    <origin rpy="0 0 0" xyz="-0.22795 -0.226 0.0"/>
    <axis xyz="0 1 0"/>
    <limit effort="100" velocity="100"/>
    <joint_properties damping="0.5" friction="2.0"/>
  </joint>
  <link name="back_right_wheel">
    <visual>
      <origin rpy="0 0 0" xyz="0 0 0"/>
      <geometry>
        <mesh filename="package://robotnik_description/meshes/wheels/rubber_wheel/rubber_wheel.dae"/>
      </geometry>
    </visual>
    <collision>
      <origin rpy="1.5707963267948966 0 0" xyz="0 0 0"/>
      <geometry>
        <sphere radius="0.11"/>
      </geometry>
    </collision>
    <inertial>
      <mass value="6.5"/>
      <origin xyz="0 0 0"/>
      <inertia ixx="0.031849999999999996" ixy="0" ixz="0" iyy="0.039325" iyz="0" izz="0.031849999999999996"/>
    </inertial>
  </link>
  <gazebo reference="back_right_wheel">
    <mu1>0.9</mu1>
    <mu2>0.5</mu2>
    <fdir1 gz:expressed_in="base_footprint">0 1 0</fdir1>
    <kp>2.75e9</kp>
    <kd>8.25e1</kd>
    <maxVel>0.1</maxVel>
    <minDepth>0.003</minDepth>
    <slip1>0.05</slip1>
    <slip2>0.05</slip2>
  </gazebo>
  <joint name="imu_base_joint" type="fixed">
    <origin rpy="0 0 0" xyz="-0.03534 0.132 0.16109"/>
    <parent link="base_link"/>
    <child link="imu_base_link"/>
  </joint>
  <link name="imu_base_link">
    <inertial>
      <origin rpy="0 0 0" xyz="0.0 0 0.01"/>
      <mass value="0.05"/>
      <inertia ixx="3.3333333333333337e-06" ixy="0" ixz="0" iyy="3.3333333333333337e-06" iyz="0" izz="3.3333333333333337e-06"/>
    </inertial>
    <visual>
      <origin rpy="0 0 0" xyz="0 0 0"/>
      <material name="vectornav_imu_color">
        <color rgba="1 0 0 1"/>
      </material>
      <geometry>
        <mesh filename="package://robotnik_sensors/meshes/imu/vectornav_vn100.stl"/>
      </geometry>
    </visual>
    <collision>
      <origin rpy="0 0 0" xyz="0 0 0.0045"/>
      <geometry>
        <box size="0.036 0.037 0.009"/>
      </geometry>
    </collision>
  </link>
  <joint name="imu_joint" type="fixed">
    <axis xyz="1 0 0"/>
    <origin xyz="-0.00745 0.0 0.0088"/>
    <parent link="imu_base_link"/>
    <child link="imu_link"/>
  </joint>
  <link name="imu_link"/>
  <gazebo reference="imu_base_link">
    <material>Gazebo/Red</material>
  </gazebo>
  <joint name="top_3d_laser_base_joint" type="fixed">
    <origin rpy="0 0 0" xyz="-0.11924 0 0.38609"/>
    <parent link="base_link"/>
    <child link="top_3d_laser_base_link"/>
  </joint>
  <link name="top_3d_laser_base_link">
    <collision>
      <origin rpy="0 0 0" xyz="0 0 0"/>
      <geometry>
        <mesh filename="package://robotnik_sensors/meshes/3d_lidar/robotsense/helios_16p.stl"/>
      </geometry>
    </collision>
    <visual>
      <origin rpy="0 0 0" xyz="0 0 0"/>
      <geometry>
        <mesh filename="package://robotnik_sensors/meshes/3d_lidar/robotsense/helios_16p.stl"/>
      </geometry>
      <material name="blackgray_color">
        <color rgba="0.25 0.25 0.25 1"/>
      </material>
    </visual>
    <inertial>
      <mass value="0.840"/>
      <origin xyz="0 0 0.04135"/>
      <inertia ixx="0.0013104203" ixy="0" ixz="0" iyy="0.0013104203" iyz="0" izz="0.00166334"/>
    </inertial>
  </link>
  <joint name="top_3d_laser_joint" type="fixed">
    <parent link="top_3d_laser_base_link"/>
    <child link="top_3d_laser_link"/>
    <origin rpy="0 0 0" xyz="0.0 0 0.0635"/>
  </joint>
  <link name="top_3d_laser_link"/>
  <joint name="front_rgbd_camera_base_joint" type="fixed">
    <origin rpy="0 0 0" xyz="0.29881 0.0 0.15243"/>
    <parent link="base_link"/>
    <child link="front_rgbd_camera_base_link"/>
  </joint>
  <link name="front_rgbd_camera_base_link"/>
  <!-- camera body, with origin at bottom screw mount -->
  <joint name="front_rgbd_camera_joint" type="fixed">
    <parent link="front_rgbd_camera_base_link"/>
    <child link="front_rgbd_camera_link"/>
    <origin rpy="0 0 0" xyz="0.01 0.02 0"/>
    <child link="front_rgbd_camera_link"/>
  </joint>
  <link name="front_rgbd_camera_link">
    <!-- camera link is aligned with the infrared sensor 1 that is "in the middle of the camera", not the one in the edge -->
    <visual>
      <origin rpy="1.5707963267948966 0 1.5707963267948966" xyz="0.0149 -0.0175 0"/>
      <geometry>
        <!-- <box size="${d435_cam_width} ${d435_cam_height} ${d435_cam_depth}"/> -->
        <mesh filename="package://robotnik_sensors/meshes/depth/intel_realsense_d435/intel_d435_color.dae"/>
      </geometry>
    </visual>
    <collision>
      <origin rpy="0 0 0" xyz="0 -0.0175 0"/>
      <geometry>
        <box size="0.02505 0.09 0.025"/>
      </geometry>
    </collision>
    <inertial>
      <origin rpy="0 0 0" xyz="0.0025 -0.015 0.0"/>
      <mass value="0.1"/>
      <inertia ixx="7.270833333333333e-05" ixy="0" ixz="0" iyy="1.041666666666667e-05" iyz="0" izz="7.270833333333333e-05"/>
    </inertial>
  </link>
  <!-- Use the nominal extrinsics between camera frames if the calibrated extrinsics aren't being published. e.g. running the device in simulation  -->
  <!-- camera depth joints and links -->
  <joint name="front_rgbd_camera_depth_joint" type="fixed">
    <origin rpy="0 0 0" xyz="0 0 0"/>
    <parent link="front_rgbd_camera_link"/>
    <child link="front_rgbd_camera_depth_frame"/>
  </joint>
  <link name="front_rgbd_camera_depth_frame"/>
  <joint name="front_rgbd_camera_depth_optical_joint" type="fixed">
    <origin rpy="-1.5707963267948966 0 -1.5707963267948966" xyz="0 0 0"/>
    <parent link="front_rgbd_camera_depth_frame"/>
    <child link="front_rgbd_camera_depth_optical_frame"/>
  </joint>
  <link name="front_rgbd_camera_depth_optical_frame"/>
  <!-- camera left IR joints and links -->
  <joint name="front_rgbd_camera_infra1_joint" type="fixed">
    <origin rpy="0 0 0" xyz="0 0.0 0"/>
    <parent link="front_rgbd_camera_link"/>
    <child link="front_rgbd_camera_infra1_frame"/>
  </joint>
  <link name="front_rgbd_camera_infra1_frame"/>
  <joint name="front_rgbd_camera_infra1_optical_joint" type="fixed">
    <origin rpy="-1.5707963267948966 0 -1.5707963267948966" xyz="0 0 0"/>
    <parent link="front_rgbd_camera_infra1_frame"/>
    <child link="front_rgbd_camera_infra1_optical_frame"/>
  </joint>
  <link name="front_rgbd_camera_infra1_optical_frame"/>
  <!-- camera right IR joints and links -->
  <joint name="front_rgbd_camera_infra2_joint" type="fixed">
    <origin rpy="0 0 0" xyz="0 -0.05 0"/>
    <parent link="front_rgbd_camera_link"/>
    <child link="front_rgbd_camera_infra2_frame"/>
  </joint>
  <link name="front_rgbd_camera_infra2_frame"/>
  <joint name="front_rgbd_camera_infra2_optical_joint" type="fixed">
    <origin rpy="-1.5707963267948966 0 -1.5707963267948966" xyz="0 0 0"/>
    <parent link="front_rgbd_camera_infra2_frame"/>
    <child link="front_rgbd_camera_infra2_optical_frame"/>
  </joint>
  <link name="front_rgbd_camera_infra2_optical_frame"/>
  <!-- camera color joints and links -->
  <joint name="front_rgbd_camera_color_joint" type="fixed">
    <origin rpy="0 0 0" xyz="0 0.015 0"/>
    <parent link="front_rgbd_camera_link"/>
    <child link="front_rgbd_camera_color_frame"/>
  </joint>
  <link name="front_rgbd_camera_color_frame"/>
  <joint name="front_rgbd_camera_color_optical_joint" type="fixed">
    <origin rpy="-1.5707963267948966 0 -1.5707963267948966" xyz="0 0 0"/>
    <parent link="front_rgbd_camera_color_frame"/>
    <child link="front_rgbd_camera_color_optical_frame"/>
  </joint>
  <link name="front_rgbd_camera_color_optical_frame"/>
  <joint name="top_ptz_camera_base_joint" type="fixed">
    <axis xyz="0 0 1"/>
    <origin rpy="0 0 0" xyz="-0.11808 0 0.55429"/>
    <parent link="base_link"/>
    <child link="top_ptz_camera_base_link"/>
  </joint>
  <link name="top_ptz_camera_base_link">
    <inertial>
      <origin rpy="0 0 0" xyz="0.066 0 0"/>
      <mass value="0.8"/>
      <inertia ixx="0.0029766000000000007" ixy="0" ixz="0" iyy="0.0029766000000000007" iyz="0" izz="0.003630000000000001"/>
    </inertial>
    <visual>
      <origin rpy="0 0 0" xyz="-0.07 -0.07 -0.045"/>
      <material name="link_750_nh_color">
        <color rgba="0.1 0.1 0.1 1"/>
      </material>
      <geometry>
        <mesh filename="package://robotnik_sensors/meshes/camera/link_750_base.stl" scale="0.001 0.001 0.001"/>
      </geometry>
    </visual>
    <collision>
      <origin rpy="0 0 0" xyz="-0.07 -0.07 -0.045"/>
      <geometry>
        <mesh filename="package://robotnik_sensors/meshes/camera/link_750_base.stl" scale="0.001 0.001 0.001"/>
      </geometry>
    </collision>
  </link>
  <joint name="top_ptz_camera_pan_joint" type="revolute">
    <axis xyz="0 0 1"/>
    <origin rpy="0 0 0" xyz="0.0 0.0 0.0318"/>
    <!-- check the displacement -->
    <parent link="top_ptz_camera_base_link"/>
    <child link="top_ptz_camera_pan_link"/>
    <limit effort="10000.0" lower="-3.141592653589793" upper="3.141592653589793" velocity="10000.0"/>
    <joint_properties damping="0.1" friction="{ptz_joint_friction}"/>
  </joint>
  <link name="top_ptz_camera_pan_link">
    <inertial>
      <mass value="0.1"/>
      <origin rpy="0 0 0" xyz="0 0 0"/>
      <inertia ixx="0.0002016666666666667" ixy="0" ixz="0" iyy="0.00018416666666666668" iyz="0" izz="0.00018416666666666668"/>
    </inertial>
    <visual>
      <origin rpy="0 0 0" xyz="0 0 0"/>
      <material name="grey_color">
        <color rgba="0.1 0.1 0.1 1"/>
      </material>
      <geometry>
        <mesh filename="package://robotnik_sensors/meshes/camera/link_750_pan.stl" scale="1.0 1.0 1.0"/>
      </geometry>
    </visual>
    <collision>
      <origin rpy="0 0 0" xyz="0.0 0.0 0"/>
      <geometry>
        <mesh filename="package://robotnik_sensors/meshes/camera/link_750_pan.stl" scale="1.0 1.0 1.0"/>
      </geometry>
    </collision>
  </link>
  <joint name="top_ptz_camera_tilt_joint" type="revolute">
    <axis xyz="0 0 1"/>
    <origin rpy="1.5707963267948966 0 0" xyz="0.0 0.0 0.102"/>
    <parent link="top_ptz_camera_pan_link"/>
    <child link="top_ptz_camera_tilt_link"/>
    <limit effort="10000.0" lower="-1.5707963267948966" upper="1.5707963267948966" velocity="10000.0"/>
    <joint_properties damping="0.1" friction="{ptz_joint_friction}"/>
  </joint>
  <link name="top_ptz_camera_tilt_link">
    <inertial>
      <mass value="0.1"/>
      <origin rpy="0 0 0" xyz="0 0 0"/>
      <inertia ixx="0.00018416666666666668" ixy="0" ixz="0" iyy="0.00018416666666666668" iyz="0" izz="0.0002016666666666667"/>
    </inertial>
    <visual>
      <origin rpy="1.5707963267948966 0 0" xyz="0 0 0"/>
      <material name="grey_color">
        <color rgba="0.1 0.1 0.1 1"/>
      </material>
      <geometry>
        <mesh filename="package://robotnik_sensors/meshes/camera/link_750_tilt.stl" scale="1.0 1.0 1.0"/>
      </geometry>
    </visual>
    <collision>
      <origin rpy="1.5707963267948966 0 0" xyz="0.0 0.0 0"/>
      <geometry>
        <mesh filename="package://robotnik_sensors/meshes/camera/link_750_tilt.stl" scale="1.0 1.0 1.0"/>
      </geometry>
    </collision>
  </link>
  <joint name="top_ptz_camera_zoom_color_joint" type="prismatic">
    <axis xyz="0 0 1"/>
    <origin rpy="0 0 0" xyz="0.0 0.0 0.0"/>
    <parent link="top_ptz_camera_optical_frame_link"/>
    <child link="top_ptz_camera_zoom_color_link"/>
    <limit effort="10000.0" lower="0" upper="30.0" velocity="10"/>
  </joint>
  <link name="top_ptz_camera_zoom_color_link">
    <inertial>
      <mass value="0.00001"/>
      <origin rpy="0 0 0" xyz="0 0 0"/>
      <inertia ixx="1.841666666666667e-08" ixy="0" ixz="0" iyy="1.841666666666667e-08" iyz="0" izz="2.016666666666667e-08"/>
    </inertial>
  </link>
  <joint name="top_ptz_camera_frame_joint" type="fixed">
    <origin rpy="-1.5707963267948966 0 0" xyz="0.05 0.025 0.0"/>
    <parent link="top_ptz_camera_tilt_link"/>
    <child link="top_ptz_camera_frame_link"/>
  </joint>
  <link name="top_ptz_camera_frame_link">
    <inertial>
      <mass value="0.01"/>
      <origin rpy="0 0 0" xyz="0 0 0"/>
      <inertia ixx="3.7499999999999997e-06" ixy="0" ixz="0" iyy="3.7499999999999997e-06" iyz="0" izz="6e-06"/>
    </inertial>
  </link>
  <!-- Optical frame -->
  <joint name="top_ptz_camera_optical_joint" type="fixed">
    <origin rpy="-1.5707963267948966 0 -1.5707963267948966" xyz="0 0 0"/>
    <parent link="top_ptz_camera_frame_link"/>
    <child link="top_ptz_camera_optical_frame_link"/>
  </joint>
  <link name="top_ptz_camera_optical_frame_link">
    <inertial>
      <mass value="0.01"/>
      <origin rpy="0 0 0" xyz="0 0 0"/>
      <inertia ixx="3.7499999999999997e-06" ixy="0" ixz="0" iyy="6e-06" iyz="0" izz="3.7499999999999997e-06"/>
    </inertial>
  </link>
  <gazebo reference="top_ptz_camera_base_link">
    <material>Gazebo/DarkGrey</material>
  </gazebo>
  <ros2_control name="top_ptz_camera_control" type="system">
    <hardware>
      <plugin>gz_ros2_control/GazeboSimSystem</plugin>
    </hardware>
    <joint name="top_ptz_camera_pan_joint">
      <command_interface name="position"/>
      <command_interface name="velocity"/>
      <state_interface name="position">
        <param name="initial_value">0.0</param>
      </state_interface>
      <state_interface name="velocity"/>
      <state_interface name="effort"/>
    </joint>
    <joint name="top_ptz_camera_tilt_joint">
      <command_interface name="position"/>
      <command_interface name="velocity"/>
      <state_interface name="position">
        <param name="initial_value">0.0</param>
      </state_interface>
      <state_interface name="velocity"/>
      <state_interface name="effort"/>
    </joint>
    <joint name="top_ptz_camera_zoom_color_joint">
      <command_interface name="position"/>
      <command_interface name="velocity"/>
      <state_interface name="position">
        <param name="initial_value">0.0</param>
      </state_interface>
      <state_interface name="velocity"/>
      <state_interface name="effort"/>
    </joint>
  </ros2_control>
  <!-- ANTENNA GPS -->
  <joint name="gps_base_joint" type="fixed">
    <origin rpy="0 0 0" xyz="-0.24824 0.095 0.76359"/>
    <parent link="base_link"/>
    <child link="gps_base_link"/>
  </joint>
  <link name="gps_base_link">
    <inertial>
      <origin rpy="0 0 0" xyz="0.0 0 0.015"/>
      <mass value="0.2"/>
      <inertia ixx="0.00012435" ixy="0" ixz="0" iyy="0.00012435" iyz="0" izz="0.00021870000000000003"/>
    </inertial>
    <visual>
      <origin rpy="0 0 0" xyz="0 0 0"/>
      <material name="ublox_gps_color">
        <color rgba="0.5 0.5 0.5 1"/>
      </material>
      <geometry>
        <mesh filename="package://robotnik_sensors/meshes/gps/antenna_ANN_MB.stl" scale="1.0 1.0 1.0"/>
      </geometry>
    </visual>
    <collision>
      <origin rpy="0 0 0" xyz="0 0 0.01125"/>
      <geometry>
        <box size="0.0607 0.083 0.0225"/>
      </geometry>
    </collision>
  </link>
  <joint name="gps_mast_joint" type="fixed">
    <parent link="gps_base_link"/>
    <child link="gps_mast_base_link"/>
    <origin rpy="0 0 0" xyz="0 0 -0.37"/>
  </joint>
  <link name="gps_mast_base_link">
    <inertial>
      <origin rpy="0 0 0" xyz="0.0 0 0.0"/>
      <mass value="1.0"/>
      <inertia ixx="0.020841666666666665" ixy="0" ixz="0" iyy="0.020841666666666665" iyz="0" izz="1.6666666666666667e-05"/>
    </inertial>
    <visual>
      <origin rpy="0 0 0" xyz="0 0 0"/>
      <material name="mast_color">
        <color rgba="0.1 0.1 0.1 1"/>
      </material>
      <geometry>
        <mesh filename="package://robotnik_sensors/meshes/gps/mastil_gps.stl" scale="1.0 1.0 1.0"/>
      </geometry>
    </visual>
    <collision>
      <origin rpy="0 0 0" xyz="0 0 0"/>
      <geometry>
        <box size="0.05 0.05 0.2"/>
      </geometry>
    </collision>
  </link>
  <gazebo reference="gps_mast_base_link">
    <material>Gazebo/Black</material>
    <gravity>true</gravity>
  </gazebo>
  <gazebo reference="gps_base_link">
    <material>Gazebo/White</material>
    <gravity>true</gravity>
  </gazebo>
</robot>
