
<!--
  This Behavior Tree replans the global path periodically at 1 Hz through an array of poses continuously
   and it also has recovery actions specific to planning / control as well as general system issues.

   Based on $(find-pkg-share nav2_bt_navigator)/behavior_trees/navigate_through_poses_w_replanning_and_recovery.xml
-->
<root BTCPP_format="4" main_tree_to_execute="MainTree">
  <BehaviorTree ID="MainTree">
    <RecoveryNode number_of_retries="6" name="NavigateRecovery">
      <PipelineSequence name="NavigateWithReplanning">
        <ControllerSelector selected_controller="{selected_controller}" default_controller="FollowPath" topic_name="controller_selector"/>
        <PlannerSelector selected_planner="{selected_planner}" default_planner="GridBased" topic_name="planner_selector"/>
        <RateController hz="0.333">
          <RecoveryNode number_of_retries="1" name="ComputePathThroughPoses">
            <ReactiveSequence>
              <RemovePassedGoals input_goals="{goals}" output_goals="{goals}" radius="0.7"/>
              <ComputePathThroughPoses goals="{goals}" path="{path}" planner_id="{selected_planner}" error_code_id="{compute_path_error_code}"/>
            </ReactiveSequence>
            <Sequence>
              <WouldAPlannerRecoveryHelp error_code="{compute_path_error_code}"/>
              <ClearEntireCostmap name="ClearGlobalCostmap-Context" service_name="global_costmap/clear_entirely_global_costmap"/>
            </Sequence>
          </RecoveryNode>
        </RateController>
        <RecoveryNode number_of_retries="1" name="FollowPath">
          <FollowPath path="{path}" controller_id="{selected_controller}" error_code_id="{follow_path_error_code}"/>
          <Sequence>
            <WouldAControllerRecoveryHelp error_code="{follow_path_error_code}"/>
            <ClearEntireCostmap name="ClearLocalCostmap-Context" service_name="local_costmap/clear_entirely_local_costmap"/>
          </Sequence>
        </RecoveryNode>
      </PipelineSequence>
      <Sequence>
        <Fallback>
          <WouldAControllerRecoveryHelp error_code="{follow_path_error_code}"/>
          <WouldAPlannerRecoveryHelp error_code="{compute_path_error_code}"/>
        </Fallback>
        <ReactiveFallback name="RecoveryFallback">
          <GoalUpdated/>
          <RoundRobin name="RecoveryActions">
            <Sequence name="ClearingActions">
              <ClearEntireCostmap name="ClearLocalCostmap-Subtree" service_name="local_costmap/clear_entirely_local_costmap"/>
              <ClearEntireCostmap name="ClearGlobalCostmap-Subtree" service_name="global_costmap/clear_entirely_global_costmap"/>
            </Sequence>
            <Spin spin_dist="1.57" error_code_id="{spin_error_code}"/>
            <Wait wait_duration="5.0"/>
            <BackUp backup_dist="0.30" backup_speed="0.15" error_code_id="{backup_error_code}"/>
          </RoundRobin>
        </ReactiveFallback>
      </Sequence>
    </RecoveryNode>
  </BehaviorTree>
</root>
